idwatchparty,UserEmisor,UserReceptor,Fecha,TiOriginal
1,aroswarn20,hjambrozek2r,2023-04-04,The Karate Kid
2,mstavers1x,bimpett55,2023-04-09,The Karate Kid Part II
3,cgowar1e,jklimpt35,2023-01-18,The Karate Kid Part III
4,dtollerw,ecoventon2d,2023-03-14,School of Rock
5,glevitt3v,pjepp2q,2023-05-23,Black Panther
6,jjakubovski54,ftomasino4v,2023-03-07,Bolt
7,vhardwin3p,esaipy4o,2023-04-01,Chicken Little
8,gscheu4n,jphillput34,2023-04-02,Winter Is Coming
9,tantonijevics,ffero3y,2023-04-15,The Kingsroad
10,cpuddicombej,cfilipic1l,2023-01-24,Lord Snow
11,dtitman3f,dschukert24,2023-02-20,"Cripples, Bastards, and Broken Things"
12,sbickerstaffx,dtollerw,2023-04-18,The Wolf and the Lion
13,nbaldacco4w,mnend4d,2023-02-20,A Golden Crown
14,mmundwelli,fdurbann2a,2023-02-14,You Win or You Die
15,echmarny9,ggwillyam2k,2023-05-19,The Pointy End
16,gdelabarre39,oscully28,2023-01-17,Baelor
17,bluckeny,nkinder26,2023-05-12,Fire and Blood
18,egastickeg,jbohlens3a,2023-05-23,The North Remembers
19,zsamuel2x,hswarbriggb,2023-05-15,The Hart of London
20,tcarenv,bsharrock43,2023-04-02,Exposed
21,sbromehed1m,hlecky2p,2023-05-09,The Nun
22,ahughland19,gmcgraw6,2023-03-02,Most Likely to Succeed
23,dsmewinge,dnelane3c,2023-05-30,Together Again
24,bfasler4c,asaddington1n,2023-02-22,The Pilot
25,hcavell22,jnorcliff58,2023-03-22,The Squaw Man
26,osterzaker5e,ralesin4,2023-02-15,Beyond Justice
27,tweeklandh,plumbly3m,2023-01-26,The One with the Sonogram at the End
28,rpepperill1q,lbeart1d,2023-02-14,The One with the Thumb
29,nlebourn1b,chartas3l,2023-04-25,The One with George Stephanopoulos
30,dchessman4t,glevitt3v,2023-03-24,The One with the East German Laundry Detergent