Username,Email,Telefono,FechaNac
sschuster0,mmaceveley4w@slashdot.org,684 537 9104,1976-04-29
rpaolucci1,gmacknockiter38@chronoengine.com,196 808 5210,2005-04-17
fchoake2,mvellden3j@photobucket.com,899 956 2709,1997-07-01
zbagby3,ppass5@bing.com,640 583 3558,2016-12-17
ralesin4,ydivina1i@reverbnation.com,680 219 6212,1944-08-17
tcowthard5,cbelz4t@nyu.edu,713 132 9563,1941-09-08
gmcgraw6,wmcilherranp@themeforest.net,240 320 2360,1997-11-04
zsuttling7,soakshott4m@hud.gov,669 602 4394,2013-09-13
hkinnie8,pduigenanr@github.com,479 137 6961,1960-08-05
echmarny9,fyurin2m@unicef.org,428 662 6345,1956-04-26
dculmera,skevis23@reddit.com,557 891 0054,1940-01-21
hswarbriggb,cdeeny1d@spiegel.de,156 662 6544,1945-10-14
smagsonc,tcashin37@usda.gov,976 903 4881,2011-08-06
pguiced,hjahndel20@smh.com.au,641 950 0767,1977-01-28
dsmewinge,rcleyburn4i@uiuc.edu,272 535 3260,1973-09-22
hlaurantf,jlarwoodh@cnn.com,427 800 9904,1961-04-13
egastickeg,mdroghanu@cargocollective.com,828 672 5659,2003-01-24
tweeklandh,eclingoe2q@pagesperso-orange.fr,562 808 1794,1955-01-12
mmundwelli,tberrane3a@hc360.com,271 825 2670,1982-02-10
cpuddicombej,ptaffurelli28@rediff.com,766 195 5128,1963-12-03
wdiboldik,dheadingham16@bigcartel.com,264 367 0798,2002-11-03
zpetheridgel,dokey3r@wikimedia.org,804 532 7517,2012-04-07
lkobusm,lburditt3g@plala.or.jp,423 363 2778,1958-11-12
marminn,mmateev29@themeforest.net,246 433 2901,1960-09-11
ebazelleo,lrougier52@domainmarket.com,131 155 7089,1994-07-19
ndowdap,fpeinton2y@mac.com,338 547 4748,2002-09-28
ciddisonq,lsultera@rambler.ru,531 135 0877,1966-10-06
khewesr,cmoiser43@naver.com,192 407 7305,1969-12-15
tantonijevics,hchaddock1c@dmoz.org,241 105 1289,2019-02-19
rmccreeryt,epach2l@uol.com.br,656 457 1225,1967-10-21
mchastanetu,fmcconnachie2p@shareasale.com,838 213 9128,2000-02-12
tcarenv,vdemetrx@webs.com,214 253 6641,1944-07-19
dtollerw,kschelle1s@google.co.uk,505 661 9331,1971-03-31
sbickerstaffx,kdelf2v@sfgate.com,881 792 6987,1965-01-12
bluckeny,gthandi3u@accuweather.com,897 881 7619,1965-10-18
vdrippsz,kbeckey3t@washington.edu,865 536 8670,1941-01-11
evalero10,astove3n@a8.net,926 440 4074,1978-03-24
abauduin11,bsainz53@tinypic.com,979 848 2522,1959-04-01
sconeau12,pservis35@dedecms.com,227 605 4100,1998-11-08
lnadin13,laspole3f@china.com.cn,543 533 6664,1958-08-14
dcristofalo14,mpeever58@archive.org,122 696 1144,1945-12-27
ofoye15,chammerbergk@friendfeed.com,524 989 5150,2012-09-26
tmorican16,iphilcoxb@google.co.jp,324 971 4415,1957-07-15
cjeenes17,ebaxter3o@nhs.uk,621 296 1879,1948-07-21
jdobrovsky18,vcorkel4n@theglobeandmail.com,201 534 2075,2016-07-07
ahughland19,reagleston2a@ehow.com,808 688 7609,1979-09-23
amuskett1a,ckubelkaz@bing.com,887 361 1356,1991-07-01
nlebourn1b,epach2l@uol.com.br,356 462 7255,1989-04-26
rscala1c,ksyriec@wordpress.com,325 745 3143,2019-01-23
lbeart1d,umacvain2t@exblog.jp,655 890 4484,1963-10-11
cgowar1e,mrandell0@last.fm,401 345 0635,1943-01-25
mpackwood1f,xdarcy4a@sfgate.com,602 653 9466,1956-01-06
lknowlys1g,clittlemore5d@blogspot.com,811 748 8782,2008-11-24
cshortt1h,fmcconnachie2p@shareasale.com,312 521 0681,1984-12-24
rdunmuir1i,cwestmoreland1y@cloudflare.com,783 343 5328,1961-06-13
sdavage1j,mpeever58@archive.org,262 548 5294,1984-12-11
tschach1k,keggers1m@omniture.com,943 574 9543,1999-10-19
cfilipic1l,eclingoe2q@pagesperso-orange.fr,910 547 5734,1964-04-09
sbromehed1m,ckebell3l@prweb.com,347 186 8948,1945-05-16
asaddington1n,mrudderham1x@unicef.org,268 386 5825,2019-03-16
rlindborg1o,adoldon4v@economist.com,828 255 0994,1966-07-24
nmargram1p,ispracklin2w@goodreads.com,519 815 2343,2000-09-05
rpepperill1q,soakshott4m@hud.gov,280 935 3103,1990-12-12
dros1r,ccolliber2n@google.co.uk,106 508 2765,2001-12-02
amoncreiff1s,keggers1m@omniture.com,952 950 7959,1944-02-27
dyukhnev1t,lspellard17@parallels.com,518 594 2394,1956-06-17
dameerbeg1u,chammerbergk@friendfeed.com,600 596 4890,1946-11-03
ncleworth1v,hmolyneaux54@sciencedirect.com,319 210 3253,1984-05-11
mcarnock1w,abercevelo3s@cnet.com,237 379 7250,2003-12-05
mstavers1x,fpeinton2y@mac.com,192 833 2021,1982-08-23
ldesavery1y,ggerring9@goo.ne.jp,842 851 6989,1988-03-20
jhoff1z,evequaud2o@smugmug.com,106 860 5126,1998-02-06
aroswarn20,fduinbleton44@ifeng.com,489 926 5614,1971-09-13
dsarsons21,hcornier5i@un.org,560 380 1992,1982-12-27
hcavell22,tcashin37@usda.gov,279 674 7454,2001-04-28
crimes23,nmarsie5c@indiegogo.com,566 100 6527,1970-01-25
dschukert24,avanichkov4p@qq.com,473 954 7496,2003-03-03
avynarde25,nhuggon49@quantcast.com,106 469 2056,1958-10-16
nkinder26,ydivina1i@reverbnation.com,772 800 8609,1993-10-14
rpiotrkowski27,eyorke15@163.com,844 901 4354,1975-04-07
oscully28,fpeinton2y@mac.com,182 936 6497,2012-02-19
fhanshaw29,dkenlin1t@twitpic.com,842 408 6905,1978-02-28
fdurbann2a,gthandi3u@accuweather.com,612 774 9705,1949-12-01
egoudie2b,dredsull2c@vk.com,446 647 8212,1951-04-16
efairrie2c,smaxwaile4x@tamu.edu,770 628 6656,2005-03-11
ecoventon2d,ckubelkaz@bing.com,362 857 5774,2012-08-23
bgwinnel2e,bsargint1q@ca.gov,842 636 9797,1949-08-03
cdenecamp2f,bgerrard2e@linkedin.com,144 237 0442,1962-08-25
eblouet2g,gmacknockiter38@chronoengine.com,936 480 1819,2003-11-21
kbratley2h,hchaddock1c@dmoz.org,689 929 3605,1995-07-23
geaken2i,vcorkel4n@theglobeandmail.com,295 156 7927,1986-03-24
tbodicam2j,khillborne4j@joomla.org,310 849 0906,1997-06-25
ggwillyam2k,anewbegin4l@businesswire.com,301 401 6025,1986-03-06
jleahair2l,pduigenanr@github.com,568 648 7271,1962-08-17
ckunath2m,tberrane3a@hc360.com,115 393 2157,1999-10-06
mcollingworth2n,mcrock25@comsenz.com,588 496 3771,1943-03-19
djayes2o,mmateev29@themeforest.net,956 606 6150,2019-02-08
hlecky2p,smaxwaile4x@tamu.edu,624 913 1866,2019-11-24
pjepp2q,cettritch6@blogtalkradio.com,388 753 5954,1973-08-27
hjambrozek2r,cgenery4q@symantec.com,183 412 2048,1945-03-15
sdurran2s,bcattonnet2z@w3.org,476 918 2752,2003-03-23
craggatt2t,avanichkov4p@qq.com,942 246 5063,1961-09-08
lferras2u,vcorkel4n@theglobeandmail.com,109 816 4696,1966-07-11
pducarne2v,fpaulillo4e@discuz.net,605 683 0742,1989-12-20
dbeddingham2w,smaxwaile4x@tamu.edu,508 768 9309,1952-11-16
zsamuel2x,iberreclothv@creativecommons.org,572 263 0792,1996-08-16
ogates2y,cgenery4q@symantec.com,517 939 5022,1956-04-13
acordingly2z,hregorzm@github.io,555 121 1891,1989-08-28
cvanbrugh30,abirckmann4u@lycos.com,218 100 4407,1993-05-24
hweiser31,ggossan5f@dailymail.co.uk,465 680 8503,1972-09-03
fsheering32,dheadingham16@bigcartel.com,613 348 0052,2001-09-02
skupisz33,balf2j@geocities.jp,274 383 6730,1972-06-21
jphillput34,cgenery4q@symantec.com,158 599 5269,1984-10-13
jklimpt35,lhulkes14@umn.edu,784 441 7248,2015-03-31
kglendinning36,fyurin2m@unicef.org,489 488 1411,1981-07-24
mizon37,ptaffurelli28@rediff.com,581 788 0078,1947-03-25
gelstow38,cwensley3v@census.gov,685 317 8956,2013-08-04
gdelabarre39,kslay42@csmonitor.com,813 343 0343,1974-11-14
jbohlens3a,mgowland57@e-recht24.de,710 964 5027,2004-09-04
mtanti3b,krobjents4r@toplist.cz,588 824 8728,1970-01-18
dnelane3c,sgansbuhler2s@e-recht24.de,465 468 7127,1982-05-22
vstraun3d,eyorke15@163.com,998 896 8977,1984-05-28
tcaseri3e,epach2l@uol.com.br,303 849 2199,1940-10-25
dtitman3f,cmoiser43@naver.com,768 398 5982,1986-03-07
ffeathersby3g,hgrogano@com.com,132 390 8370,2014-01-18
ktousy3h,lspellard17@parallels.com,658 743 6496,1988-07-22
cbatthew3i,cmcnelis47@accuweather.com,478 685 9674,1975-07-01
yberling3j,cwhittle1p@behance.net,929 404 8503,2011-02-24
edanslow3k,xdarcy4a@sfgate.com,536 315 4814,2014-08-11
chartas3l,bgameson1f@clickbank.net,772 639 7652,1987-04-04
plumbly3m,orobins1n@themeforest.net,428 327 3879,1953-08-19
wpoacher3n,hchaddock1c@dmoz.org,388 929 1087,1997-01-06
bhalpin3o,gdanaher22@pagesperso-orange.fr,611 159 8120,1967-01-10
vhardwin3p,evequaud2o@smugmug.com,103 316 5920,1986-12-27
mgraddon3q,gtrodler1j@lulu.com,277 564 3801,2014-02-27
cdumberrill3r,tscrimgeour41@google.com.au,670 562 3547,1965-11-16
gdioniso3s,ggerring9@goo.ne.jp,793 419 6600,1962-02-09
bgallego3t,ehowgill3d@ifeng.com,491 826 2514,1944-09-16
alarkby3u,njaggerd@gravatar.com,831 674 8090,2012-09-25
glevitt3v,pchilderhouse1g@patch.com,126 661 0197,2009-06-10
nricharson3w,jpadberry3i@gravatar.com,607 358 4184,1953-06-30
sjonin3x,fduinbleton44@ifeng.com,979 114 4187,1974-08-18
ffero3y,avanichkov4p@qq.com,661 398 7949,1965-07-15
ilinkie3z,tconeybeer1h@skype.com,942 599 7239,1951-04-29
pgorry40,ydust31@parallels.com,779 853 8793,1960-05-04
gswadlin41,hcornier5i@un.org,757 244 8211,1986-10-31
cdown42,gmoston55@163.com,674 605 5868,1983-02-19
bsharrock43,cmoiser43@naver.com,495 415 5449,1959-02-18
mcroose44,ptucker36@ibm.com,914 767 0783,2010-03-27
wchamberlen45,tcashin37@usda.gov,660 459 5107,1983-03-25
mcoughlan46,bfardyf@drupal.org,304 621 0148,1953-01-29
drumble47,ljewson5b@hc360.com,530 316 5402,2000-06-25
jmanvelle48,fpeinton2y@mac.com,613 633 7662,2018-01-31
wblindmann49,brodder1@homestead.com,105 708 4328,1947-11-07
kdonnellan4a,vledram2@pinterest.com,655 860 8571,1966-04-17
scorp4b,gdanaher22@pagesperso-orange.fr,484 602 8198,1943-10-29
bfasler4c,iphilcoxb@google.co.jp,283 401 3691,1963-05-26
mnend4d,mdroghanu@cargocollective.com,323 853 6774,1981-08-02
rrochford4e,ljosephsen5a@sohu.com,264 457 0144,1968-10-29
jholgan4f,dheadingham16@bigcartel.com,464 786 8278,2002-03-25
wleamon4g,eharroway34@wikipedia.org,882 616 7521,1981-10-12
mhedau4h,dcawdery2r@squarespace.com,511 169 0126,1946-09-12
gklass4i,ljardine4c@nsw.gov.au,630 615 3745,1997-12-25
ngreaterex4j,hpennrington33@cbc.ca,303 782 5409,2003-06-13
pbrien4k,hregorzm@github.io,471 914 2554,2012-02-14
ebilson4l,nmarsie5c@indiegogo.com,379 988 5092,1975-12-17
cballham4m,kthirlwall40@ucoz.com,452 968 2188,1954-04-16
gscheu4n,ksyriec@wordpress.com,184 389 2041,1956-07-21
esaipy4o,iberreclothv@creativecommons.org,139 283 1311,1950-12-25
mbullion4p,spidgeleys@mapquest.com,562 298 3408,1963-08-15
lsaiens4q,hjahndel20@smh.com.au,377 540 8220,1991-09-24
dlackmann4r,vledram2@pinterest.com,214 917 3572,1974-09-21
rbailes4s,lrougier52@domainmarket.com,633 207 4157,1990-02-13
dchessman4t,bmcpherson45@wisc.edu,186 288 9891,2002-03-21
hainley4u,bcattonnet2z@w3.org,974 224 2354,2000-12-17
ftomasino4v,ksyriec@wordpress.com,928 573 1752,2009-09-07
nbaldacco4w,dokey3r@wikimedia.org,622 462 9336,1948-03-09
aradke4x,dredsull2c@vk.com,979 824 9218,1969-09-16
rsingers4y,rsteersl@liveinternet.ru,134 536 4851,2011-04-30
agores4z,fmcconnachie2p@shareasale.com,778 507 6580,1961-03-19
wabeau50,ppass5@bing.com,693 525 1114,1948-05-24
rlowater51,cpedden1r@china.com.cn,496 412 0548,1980-04-15
acuel52,rjeppe5g@hc360.com,529 634 8009,2003-07-05
lshippard53,jlangley2u@sfgate.com,627 625 2678,1955-09-22
jjakubovski54,wmcilherranp@themeforest.net,835 958 2595,1949-11-15
bimpett55,iberreclothv@creativecommons.org,538 784 8332,2001-04-23
etownrow56,keggers1m@omniture.com,112 780 9556,1968-01-23
fhaslock57,emcardell4y@yelp.com,814 106 3602,1986-11-09
jnorcliff58,mcrock25@comsenz.com,829 990 9594,1961-04-19
tfancett59,ksyriec@wordpress.com,842 389 8423,2004-10-11
pdik5a,laspole3f@china.com.cn,930 855 8227,1971-07-03
emcfadzean5b,dtofanini11@theglobeandmail.com,805 723 8517,1989-01-30
gharkness5c,pmalec8@amazon.co.jp,335 860 4529,1964-02-04
atenman5d,hregorzm@github.io,104 759 7084,1984-02-24
osterzaker5e,balf2j@geocities.jp,310 927 7423,2011-01-15
gmussolini5f,epach2l@uol.com.br,366 871 6784,1952-04-15
barmour5g,dkenlin1t@twitpic.com,625 784 6450,1941-09-14
igreaves5h,hcornier5i@un.org,211 672 0943,1956-09-16
mleakner5i,cwestmoreland1y@cloudflare.com,174 917 9618,2013-03-21
lolliff5j,spidgeleys@mapquest.com,146 760 8169,2004-05-10