idFavorito,Username,TiOriginal
1,bluckeny,What Is Dead May Never Die
2,hlecky2p,Scary Movie 5
3,igreaves5h,Black Panther
4,mcroose44,Saw V
5,vdrippsz,Over
6,rpepperill1q,Peekaboo
7,evalero10,Chicken Little
8,mpackwood1f,Tailspin
9,yberling3j,Woe What a Night
10,tbodicam2j,Les Enfants Terribles
11,jdobrovsky18,Caballo sin Nombre
12,gswadlin41,Poison
13,jdobrovsky18,Blackwater
14,gscheu4n,Peekaboo
15,crimes23,Occam's Razor
16,pguiced,Caballo sin Nombre
17,wchamberlen45,The One with the Fake Monica
18,igreaves5h,MÃ¡s
19,skupisz33,A Man Without Honor
20,hlecky2p,The One with the Butt
21,cvanbrugh30,Blackwater
22,dameerbeg1u,Chicken Little
23,hswarbriggb,VIPS
24,tcowthard5,Jamie and Jessie Are Not Together
25,lsaiens4q,Baelor
26,hlecky2p,The One with the Stoned Guy
27,jnorcliff58,Scream 2
28,sdavage1j,If You Don't Woe Me by Now
29,tbodicam2j,Scream 3
30,rrochford4e,The One Where the Monkey Gets Away
31,amuskett1a,Scream 2
32,wdiboldik,The Hart of London
33,ofoye15,The Karate Kid Part III
34,ckunath2m,Crime of Passion
35,vstraun3d,Smokey and the Bandit III
36,mtanti3b,Coronavirus en pocas palabras
37,ngreaterex4j,The Swan Princess
38,nkinder26,"Winning a Battle, Losing the War"
39,eblouet2g,The One with the Stoned Guy
40,ldesavery1y,Kids