Email,Password,Idioma,Tarjeta
mrandell0@last.fm,VcbWTp,EN,3541776821757114
brodder1@homestead.com,Zos9svbaO8Q,EN,560221107880651566
vledram2@pinterest.com,AVae6G,ES,3537033079258965
meastbrook3@sohu.com,pZYmMEYZ,ES,5100134448666177
wskitral4@google.nl,j5st4vHHYJW,ES,3542729974194923
ppass5@bing.com,8c8uugDc06,EN,3537784714217655
cettritch6@blogtalkradio.com,4oUAlaS,ES,3535612380319848
atrevna7@weather.com,Co3YLM0QLW,EN,3580700596793288
pmalec8@amazon.co.jp,01Xf17lRj,EN,4917232180355094
ggerring9@goo.ne.jp,zv3YZZ,ES,3543735845264638
lsultera@rambler.ru,zqfJWWDRt0s,ES,50187861367439457
iphilcoxb@google.co.jp,zQ8AKNzC,ES,5641828552687038
ksyriec@wordpress.com,AhHO84zM,EN,67597421872691833
njaggerd@gravatar.com,N4x8My4Nfn2,ES,6763026187330865595
gtittletrosse@amazon.co.uk,fPUYOtxd3zHR,EN,6706062361148566
bfardyf@drupal.org,ll9fsHc89550,EN,5100144208112874
tivanishchevg@youtube.com,UggTr00k,ES,30435244406387
jlarwoodh@cnn.com,UulHYjy1,ES,4700042676271
rdowryi@goo.ne.jp,m60jhYUCh1Ns,EN,3558733487878536
dgheorghej@odnoklassniki.ru,ZFvVHTySHL,EN,3562252116188468
chammerbergk@friendfeed.com,f2NMJsDNkEe,ES,56022446963926663
rsteersl@liveinternet.ru,DMzH9J,ES,3529452366035136
hregorzm@github.io,959whUx,ES,3.54722E+15
cjossen@rambler.ru,IM9UXA4zLt,EN,3535394208197546
hgrogano@com.com,AIgPGi2oHHxa,ES,4041596072854029
wmcilherranp@themeforest.net,09JKoCP3,EN,201836468448745
mstoddq@imageshack.us,iiuglhz0Til,EN,5602232076931054
pduigenanr@github.com,A2yOXOxVER,ES,3537291357656918
spidgeleys@mapquest.com,NK89yqyZKY7K,ES,4911908396775409104
jcroneent@exblog.jp,zuiWOo2RXDW,ES,5602248396640009637
mdroghanu@cargocollective.com,S3cMDc7q,EN,676762668272102509
iberreclothv@creativecommons.org,CgNura4EPzVC,ES,6761194169013757018
tcorstorphinew@google.co.jp,Ye8EeLsh,EN,5010128360677245
vdemetrx@webs.com,VnF5lHR8h87Y,EN,3589519415531567
ckindally@blogtalkradio.com,cj0e6C,ES,5.10875E+15
ckubelkaz@bing.com,TXkcFs,ES,3555418152318496
tstranaghan10@ovh.net,YL88In72AIf,EN,3541591675400848
dtofanini11@theglobeandmail.com,F4cDM7kb,EN,372301781049772
srubenchik12@google.com,anddpeAG,ES,3585820913621858
scoronas13@earthlink.net,ztCR9ipqxUo6,ES,6709566155858845884
lhulkes14@umn.edu,lsFiAF2EerL,ES,3530191540852175
eyorke15@163.com,iEzqJX5,EN,347476846762460
dheadingham16@bigcartel.com,czLB30rN6H,ES,3550380197183944
lspellard17@parallels.com,35MV1e,EN,30008533545106
tgallaccio18@hostgator.com,hCG0xQ95ND,EN,3532191586320564
mdelagnes19@pagesperso-orange.fr,ShGYOzRdPm,ES,3584175536138934
ifraser1a@google.ru,4PV3JL7d,ES,36576878801106
ccurran1b@storify.com,YqKi9LBHo,ES,3540116993252944
hchaddock1c@dmoz.org,cPFTVwpuA7,EN,3585725850144832
cdeeny1d@spiegel.de,pkHAaXnBcbs,ES,63042800856180162
jmole1e@networkadvertising.org,HolLEs5Z4,EN,3572318668095605
bgameson1f@clickbank.net,mcmuZy,EN,3567496333711652
pchilderhouse1g@patch.com,Yc72dFqSl3ab,ES,4017950852061
tconeybeer1h@skype.com,1ew1o4h1TMX,ES,3543359720806833
ydivina1i@reverbnation.com,XvtEaq,EN,378804331805837
gtrodler1j@lulu.com,Rsybltyf,EN,3558044136511928
bdurden1k@earthlink.net,LcqBhDX,ES,5602225781574761633
hhaigh1l@alexa.com,RYJpJS,ES,5002351477094605
keggers1m@omniture.com,cr6N8JU3,ES,3562228473474386
orobins1n@themeforest.net,eqYF8NEePw80,EN,3588545794700276
nmaps1o@economist.com,xQMRvZ4,ES,4903910838756370824
cwhittle1p@behance.net,qOxnqZ,EN,4913471806027323
bsargint1q@ca.gov,ZvfUwMSd9EoF,EN,5602242820814909823
cpedden1r@china.com.cn,Pbt6jl6wA00t,ES,3544577608329326
kschelle1s@google.co.uk,xGmEQzjRQ,ES,3582621813848002
dkenlin1t@twitpic.com,WF5VJwA,ES,4405722542018355
jclute1u@theglobeandmail.com,zU3wYMxGH,EN,3.56441E+15
mrewbottom1v@omniture.com,cv5M0Zb,ES,6304638079859234
bpaxton1w@a8.net,BOmnxr,EN,3572371109476967
mrudderham1x@unicef.org,6lH0yfb,EN,30130231980102
cwestmoreland1y@cloudflare.com,2SZcvWgF6dT,ES,4508470839043902
ekitchingman1z@cmu.edu,IL3B8drh,ES,3549243761184215
hjahndel20@smh.com.au,9kgbGH,EN,344747839527026
rcrimin21@indiegogo.com,BY816GvMgFw,EN,3529930413000922
gdanaher22@pagesperso-orange.fr,rapDOFxrJyS,ES,3553588579398933
skevis23@reddit.com,4z73NjaNG1r,ES,6761870212167054963
bvakhonin24@oracle.com,0SPthZd3,ES,3.53325E+15
mcrock25@comsenz.com,YCt1HjDkn,EN,201566078559264
oedgerton26@princeton.edu,tl9P9I2Q453,ES,5.57795E+15
jbynold27@bravesites.com,x0RzJvLu,EN,345166632540731
ptaffurelli28@rediff.com,z4th9uASdtW0,EN,3586448387996033
mmateev29@themeforest.net,Q3S6Ka9U9TZA,ES,3532788018299173
reagleston2a@ehow.com,ar32XXCbYy7,ES,6334251496364880867
egandrich2b@forbes.com,Zck6ol37gUo,ES,5502682621884573
dredsull2c@vk.com,QjLQiFz,EN,3542037038749843
dessex2d@i2i.jp,D5PVzN,ES,201786066243065
bgerrard2e@linkedin.com,SsaKoU2Wn9Ty,EN,5602228628916213
mbenting2f@si.edu,qIx3IK3302Ps,EN,4917669824803411
gwisden2g@netscape.com,ojJNGb5p,ES,3548072316230426
athunnercliffe2h@wix.com,yU38f3LZ,ES,3530000089872108
kschimke2i@printfriendly.com,zDISDamA0e,EN,6759238274684949
balf2j@geocities.jp,4mBA5dg,EN,4508603719295636
aringer2k@reuters.com,QtVclcJN,ES,3561813183257857
epach2l@uol.com.br,wpyWLlFi,ES,5602213519322887
fyurin2m@unicef.org,vBVsrn,ES,3569026613157629
ccolliber2n@google.co.uk,U6DTbQ,EN,3528724969315391
evequaud2o@smugmug.com,cVoIfA23,ES,3554915729165707
fmcconnachie2p@shareasale.com,1tcwYYAyvTCg,EN,201643487722575
eclingoe2q@pagesperso-orange.fr,we2YNMb4t,EN,5602252827320332
dcawdery2r@squarespace.com,mC0zQM,ES,6.75935E+15
sgansbuhler2s@e-recht24.de,TCL66KgNE,ES,3558564974515335
umacvain2t@exblog.jp,8V5eqoW58h,ES,4911172350500166272
jlangley2u@sfgate.com,7BGkApt,EN,3581584207441159
kdelf2v@sfgate.com,29LHKzB4q4,ES,4844773172611828
ispracklin2w@goodreads.com,pTz9JK3,EN,4936374495837791
chegg2x@ovh.net,uiDSBUf,EN,670974574108306362
fpeinton2y@mac.com,7Y7bcKXM,ES,3549335559015062
bcattonnet2z@w3.org,sHpwYvGW,ES,3570526560961227
mbelfitt30@taobao.com,dy49VL,EN,5602212939185171
ydust31@parallels.com,lENqQ73w42,EN,5474349127530761
dpelchat32@bbc.co.uk,bUIeVj,ES,5284951313108805
hpennrington33@cbc.ca,BUc1Y90,ES,5038035232373887796
eharroway34@wikipedia.org,TCmbKb9D,ES,3584284544218934
pservis35@dedecms.com,3ux8MBpa1NLK,EN,6767530473696603
ptucker36@ibm.com,UGr0ciVLdCv,ES,5.60223E+15
tcashin37@usda.gov,8QxIMifYQ,EN,3569161068565636
gmacknockiter38@chronoengine.com,SGDnCaQPWX9l,EN,4917622314708285
cbedenham39@xing.com,tWIvdCQfpJLt,ES,3540532497424948
tberrane3a@hc360.com,4QO6JaeJdED,ES,5602220218993568104
ftollerton3b@scribd.com,8PtuG6Ge,ES,6709792678050272
ndrewes3c@unblog.fr,gTxIBzg6a,EN,3546612634301052
ehowgill3d@ifeng.com,Kixd3eHjeS,ES,6.75912E+15
abrucker3e@mayoclinic.com,1ZCOeRFDdb,EN,5.60221E+15
laspole3f@china.com.cn,T2yNEdoi,EN,3555802312554357
lburditt3g@plala.or.jp,w3KKcbfKP,ES,5100149514708752
tseywood3h@oakley.com,0DlrVVPLY,ES,6706033994161625315
jpadberry3i@gravatar.com,5fLRvu2MdJ,EN,5010122151336251
mvellden3j@photobucket.com,GnrpXsmw,EN,3535952672566205
ctreasure3k@rediff.com,vgtAVRUnJ,ES,3534377169627156
ckebell3l@prweb.com,6lef7vnRB,ES,6709747753124325798
yewen3m@godaddy.com,KV8oDER,ES,3554120242762797
astove3n@a8.net,KevwLqkg,EN,5100134561318184
ebaxter3o@nhs.uk,O5wOMF,ES,6767986640486104192
dchamley3p@shareasale.com,KDj3uR,EN,5.60222E+15
cullett3q@4shared.com,5EzIIaFZ,EN,3587932052347035
dokey3r@wikimedia.org,d9LmFx,ES,5108754162703682
abercevelo3s@cnet.com,lgb7p1,ES,3566219312225937
kbeckey3t@washington.edu,0oeNvVDdCmsA,ES,3581019328638417
gthandi3u@accuweather.com,tytlkWf,EN,30103146770819
cwensley3v@census.gov,VVoOma,ES,5010125119622654
rparcall3w@blogs.com,ygpvGrlY0uvp,EN,5602228873221996
ggoreway3x@marriott.com,NEw6P8,EN,345333336837397
kblasi3y@yandex.ru,RteyebpbTlT8,ES,3537531589258847
mbulstrode3z@imageshack.us,AMrtIf5jL,ES,36488566891698
kthirlwall40@ucoz.com,eklpD1eG,EN,3559550241607574
tscrimgeour41@google.com.au,QP2Hpvu4xU0,EN,5007662396861493
kslay42@csmonitor.com,SNTKyaOGQ,ES,3586271629697841
cmoiser43@naver.com,34CsrpPb2RL,ES,5602211686097506
fduinbleton44@ifeng.com,K2RUbuA,ES,3.54261E+15
bmcpherson45@wisc.edu,UeJhwMTfD,EN,30150370476274
mpenelli46@amazon.co.uk,fk2NFvb,ES,58932190269307476
cmcnelis47@accuweather.com,e4KMkT,EN,30593469315699
gkarim48@google.fr,MbWjyF,EN,4041598594497
nhuggon49@quantcast.com,p4T06wp8,ES,3583848257972696
xdarcy4a@sfgate.com,8Xgp96RsM,ES,3538668068980217
mrackstraw4b@opera.com,CSiaKGwA,ES,56022530448889107
ljardine4c@nsw.gov.au,20VofuaHi,EN,564182226621653621
mcopozio4d@cdc.gov,vEEPHpGigO,ES,5602221704175119
fpaulillo4e@discuz.net,IX0gUZ,EN,201925791047520
cfeatherston4f@umn.edu,SlLZ9WleU9TA,EN,3586071674030769
nsibyllina4g@dropbox.com,iRWd29j3,ES,3546773904054365
mwaylen4h@yelp.com,Ad765d1aa4lA,ES,5100179001556851
rcleyburn4i@uiuc.edu,gxY4rQnrI,EN,3565179519516499
khillborne4j@joomla.org,kGslhflxsb,EN,3589984586363796
nbrailey4k@timesonline.co.uk,NEt9NYpGF,ES,4917251363360002
anewbegin4l@businesswire.com,1ws8pRHd,ES,30480666269046
soakshott4m@hud.gov,ojgfan,ES,30464546792054
vcorkel4n@theglobeandmail.com,EfNfIhNuaZSM,EN,3.54469E+15
rperett4o@accuweather.com,1hMV1de4,ES,67061632718011294
avanichkov4p@qq.com,NH7oAx,EN,372301165613508
cgenery4q@symantec.com,LM7wNRlLJY,EN,5102015196520732
krobjents4r@toplist.cz,D6FCjsslBhKW,ES,3554361792006231
bgrigori4s@wiley.com,anGkZgkDJ,ES,63046225877644531
cbelz4t@nyu.edu,aYq0inr53OpD,ES,67091537456120740
abirckmann4u@lycos.com,OqoVzeae,EN,3551384894823892
adoldon4v@economist.com,xogrhMww,ES,3533436726715028
mmaceveley4w@slashdot.org,bYgivCv8LoV,EN,3569639106001094
smaxwaile4x@tamu.edu,HJK1wOkWB6,EN,5.41264E+15
emcardell4y@yelp.com,4mJDwof0HEWH,ES,5563885995377571
aseamarke4z@loc.gov,Fs8FwMGniaP,ES,3.53356E+15
jabsolem50@ftc.gov,WZnTkB,EN,201844423108784
zchilcotte51@elpais.com,6rgq99nW7,EN,3539007434576145
lrougier52@domainmarket.com,GM6tHNNhv,ES,3550219301055525
bsainz53@tinypic.com,SXcjW6QCvi,ES,30060578879908
hmolyneaux54@sciencedirect.com,Hf74vc,ES,5602238862545636
gmoston55@163.com,327XLH,EN,3588984383676748
dteal56@php.net,Zm9tq5eQwwz,ES,5541788358887789
mgowland57@e-recht24.de,lutj4osISRhT,EN,5007666598319515
mpeever58@archive.org,bmvdhzFek,EN,374622148516940
wgoulder59@miibeian.gov.cn,EzozMtrTo,ES,3534699739327201
ljosephsen5a@sohu.com,W4cuvZAHpNe,ES,3543267460174157
ljewson5b@hc360.com,bSY0n1ax6,ES,5602226736571379663
nmarsie5c@indiegogo.com,i1KZYQ,EN,201971753243095
clittlemore5d@blogspot.com,2eEvIqSCrfV,ES,3548629386880404
clighterness5e@google.fr,SOxvhCTAC,EN,5602219770983606
ggossan5f@dailymail.co.uk,kBaxL7yDHU5,EN,4913082089432815
rjeppe5g@hc360.com,5XIBsXnCg,ES,3585997391780552
ccarrabot5h@dyndns.org,w2GXijhn,ES,490557724488933883
hcornier5i@un.org,uGt31W,EN,5610363540518365
ptrimble5j@friendfeed.com,Cn8kVGSFM,EN,5.00236E+15