Factura,Email,Monto,FechaVTO,FechaPago
1,cdeeny1d@spiegel.de,"$1,994.46",2023-01-24,2023-02-03
2,scoronas13@earthlink.net,"$2,842.82",2023-05-03,2023-05-13
3,avanichkov4p@qq.com,"$1,918.59",2023-05-20,2023-05-30
4,tivanishchevg@youtube.com,"$2,700.37",2023-03-30,2023-04-09
5,rjeppe5g@hc360.com,"$2,802.73",2023-04-14,2023-04-24
6,jmole1e@networkadvertising.org,"$2,994.55",2023-02-01,2023-02-11
7,jlangley2u@sfgate.com,"$2,835.39",2023-02-23,2023-03-05
8,ggossan5f@dailymail.co.uk,"$1,584.48",2022-12-24,2023-01-03
9,umacvain2t@exblog.jp,"$2,005.26",2023-01-13,2023-01-23
10,mbulstrode3z@imageshack.us,"$2,104.90",2023-04-22,2023-05-02
11,wmcilherranp@themeforest.net,"$2,025.48",2023-04-04,2023-04-14
12,vcorkel4n@theglobeandmail.com,"$2,984.54",2023-01-06,2023-01-16
13,gthandi3u@accuweather.com,"$1,645.91",2023-04-16,2023-04-26
14,hchaddock1c@dmoz.org,"$2,232.94",2022-12-28,2023-01-07
15,xdarcy4a@sfgate.com,"$2,322.02",2023-02-27,2023-03-09
16,cdeeny1d@spiegel.de,"$1,653.07",2023-01-18,2023-01-28
17,scoronas13@earthlink.net,"$1,798.53",2023-04-21,2023-05-01
18,mgowland57@e-recht24.de,"$2,273.08",2023-04-06,2023-04-16
19,gthandi3u@accuweather.com,"$2,751.00",2022-12-25,2023-01-04
20,kschelle1s@google.co.uk,"$1,687.14",2023-01-09,2023-01-19
21,mbenting2f@si.edu,"$1,696.88",2023-03-26,2023-04-05
22,anewbegin4l@businesswire.com,"$2,756.63",2023-04-10,2023-04-20
23,eclingoe2q@pagesperso-orange.fr,"$2,428.33",2023-03-10,2023-03-20
24,hjahndel20@smh.com.au,"$2,244.02",2023-03-07,2023-03-17
25,rcrimin21@indiegogo.com,"$2,083.57",2023-01-26,2023-02-05
26,gdanaher22@pagesperso-orange.fr,"$1,617.66",2023-04-21,2023-05-01
27,ljewson5b@hc360.com,"$1,651.71",2023-04-16,2023-04-26
28,bsainz53@tinypic.com,"$1,847.06",2023-03-21,2023-03-31
29,dteal56@php.net,"$2,071.08",2023-04-27,2023-05-07
30,oedgerton26@princeton.edu,"$2,588.18",2023-04-16,2023-04-26
31,ptaffurelli28@rediff.com,"$2,906.15",2023-05-11,2023-05-21
32,tscrimgeour41@google.com.au,"$2,315.03",2023-04-28,2023-05-08
33,scoronas13@earthlink.net,"$2,949.76",2023-02-25,2023-03-07
34,dpelchat32@bbc.co.uk,"$2,335.89",2023-03-05,2023-03-15
35,rjeppe5g@hc360.com,"$2,790.88",2023-04-20,2023-04-30
36,lburditt3g@plala.or.jp,"$1,691.03",2023-04-04,2023-04-14
37,lrougier52@domainmarket.com,"$1,542.09",2023-05-02,2023-05-12
38,rparcall3w@blogs.com,"$2,629.65",2023-04-18,2023-04-28
39,oedgerton26@princeton.edu,"$2,267.16",2023-03-18,2023-03-28
40,rdowryi@goo.ne.jp,"$2,713.72",2023-02-16,2023-02-26
41,gkarim48@google.fr,"$2,822.24",2023-04-05,2023-04-15
42,jclute1u@theglobeandmail.com,"$2,923.81",2023-03-25,2023-04-04
43,ckebell3l@prweb.com,"$2,726.80",2023-04-18,2023-04-28
44,ydivina1i@reverbnation.com,"$2,639.86",2023-04-22,2023-05-02
45,jabsolem50@ftc.gov,"$1,722.32",2023-01-09,2023-01-19
46,nhuggon49@quantcast.com,"$2,956.80",2023-05-15,2023-05-25
47,ebaxter3o@nhs.uk,"$1,878.92",2023-02-27,2023-03-09
48,mstoddq@imageshack.us,"$2,801.44",2023-02-01,2023-02-11
49,zchilcotte51@elpais.com,"$1,741.62",2023-02-02,2023-02-12
50,srubenchik12@google.com,"$2,309.43",2023-03-22,2023-04-01
51,srubenchik12@google.com,"$2,650.03",2023-05-04,2023-05-14
52,chammerbergk@friendfeed.com,"$1,784.14",2023-03-27,2023-04-06
53,jlarwoodh@cnn.com,"$2,296.81",2023-02-06,2023-02-16
54,nhuggon49@quantcast.com,"$1,523.75",2023-02-05,2023-02-15
55,lhulkes14@umn.edu,"$2,287.08",2023-02-11,2023-02-21
56,ccolliber2n@google.co.uk,"$2,877.19",2023-01-29,2023-02-08
57,dcawdery2r@squarespace.com,"$1,670.90",2023-02-23,2023-03-05
58,ljardine4c@nsw.gov.au,"$1,887.61",2023-05-11,2023-05-21
59,clighterness5e@google.fr,"$1,741.50",2023-04-17,2023-04-27
60,aringer2k@reuters.com,"$2,312.37",2023-03-12,2023-03-22
61,adoldon4v@economist.com,"$2,472.79",2023-01-14,2023-01-24
62,mmaceveley4w@slashdot.org,"$2,077.37",2023-02-10,2023-02-20
63,dokey3r@wikimedia.org,"$2,489.28",2023-01-23,2023-02-02
64,mdroghanu@cargocollective.com,"$1,879.10",2022-12-25,2023-01-04
65,nmarsie5c@indiegogo.com,"$2,828.60",2023-04-16,2023-04-26
66,ljewson5b@hc360.com,"$1,593.61",2022-12-31,2023-01-10
67,nmaps1o@economist.com,"$2,205.23",2023-01-21,2023-01-31
68,ptrimble5j@friendfeed.com,"$2,967.99",2023-01-17,2023-01-27
69,tconeybeer1h@skype.com,"$1,610.63",2023-03-11,2023-03-21
70,rcrimin21@indiegogo.com,"$2,387.73",2023-05-09,2023-05-19