idDescarga,Username,TiOriginal,Calidad
1,glevitt3v,Black Panther,normal
2,hweiser31,Down,HD
3,tcarenv,Scary Movie 5,normal
4,kglendinning36,Lord Snow,HD
5,hjambrozek2r,Negro y Azul,HD
6,craggatt2t,Chasing Christmas,normal
7,dsarsons21,My Brother the Devil,HD
8,asaddington1n,Tailspin,UHD
9,rbailes4s,Please Hold to My Hand,normal
10,ilinkie3z,You Win or You Die,UHD
11,dnelane3c,Peekaboo,UHD
12,jmanvelle48,Baelor,normal
13,evalero10,The One with George Stephanopoulos,UHD
14,nbaldacco4w,The Fighter,HD
15,tfancett59,Negro y Azul,HD
16,scorp4b,Scary Movie,HD
17,cbatthew3i,Shrek,normal
18,fchoake2,A Blank on the Map,HD
19,geaken2i,Abiquiu,HD
20,rsingers4y,The Prince of Winterfell,HD
21,gharkness5c,Honeymoon,normal
22,gmcgraw6,One Minute,HD
23,rbailes4s,Blackwater,UHD
24,echmarny9,The One Where the Monkey Gets Away,normal
25,jdobrovsky18,Les Enfants Terribles,HD
26,mcroose44,School of Rock,normal
27,aradke4x,Woe What a Night,normal
28,ilinkie3z,Poison,normal
29,sbromehed1m,Tailfin,normal
30,lnadin13,The One with The Dozen Lasagnas,UHD
31,cgowar1e,The Man with the Umbrella,HD
32,sbickerstaffx,Full Measure,normal
33,gklass4i,Coronavirus en pocas palabras,normal
34,bluckeny,The Prince of Winterfell,UHD
35,egastickeg,Kafkaesque,normal
36,jnorcliff58,Saw V,HD
37,vdrippsz,The One Where Rachel Finds Out,normal
38,scorp4b,VIPS,normal
39,cgowar1e,Down,normal
40,rlindborg1o,My Brother the Devil,UHD
41,bimpett55,Together Again,UHD
42,chartas3l,Woe What a Night,UHD
43,esaipy4o,Exposed,UHD
44,ftomasino4v,The Squaw Man,HD
45,cshortt1h,Valar Morghulis,normal
46,cfilipic1l,The Wolf and the Lion,UHD
47,dameerbeg1u,The Swan Princess,normal
48,jholgan4f,My Fair Lady,HD
49,cpuddicombej,Human Nature,UHD
50,cdown42,Honeymoon,UHD
51,rdunmuir1i,John Adams,UHD
52,dschukert24,Analyze That,HD
53,ldesavery1y,The Old Gods and the New,normal
54,nbaldacco4w,Abiquiu,HD
55,edanslow3k,Saw V,UHD
56,aradke4x,Darker Than Night,UHD
57,dtitman3f,Better Call Saul,HD
58,zbagby3,Shrek,HD
59,cshortt1h,The One with the Thumb,normal
60,zpetheridgel,A Golden Crown,normal
61,lbeart1d,The Socratic Method,HD
62,mizon37,Cursed,normal
63,gswadlin41,The One with the Thumb,HD
64,mmundwelli,The Prince of Winterfell,UHD
65,mbullion4p,Abiquiu,UHD
66,cdenecamp2f,The Man with the Umbrella,HD
67,cpuddicombej,If You Don't Woe Me by Now,HD
68,atenman5d,Scream 2,normal
69,gmussolini5f,The One Where Underdog Gets Away,UHD
70,rbailes4s,Bit by a Dead Bee,UHD
71,cshortt1h,Cronos,HD
72,lshippard53,The Prince of Winterfell,normal
73,cballham4m,Tinkerbell,HD
74,dsarsons21,The Manitou,normal
75,vdrippsz,Heavy,normal
76,oscully28,Shrek 2,UHD
77,rpepperill1q,My Brother the Devil,normal
78,edanslow3k,Over,normal
79,wblindmann49,Sunset,HD
80,fhaslock57,Scream 3,normal
81,chartas3l,One Lucky Day,normal
82,bluckeny,No Más,HD
83,vdrippsz,Auschwitz: The Nazis and the 'Final Solution',UHD
84,djayes2o,Detox,HD
85,gswadlin41,A Golden Crown,normal
86,dlackmann4r,Crime of Passion,normal
87,lbeart1d,Babies & Bathwater,UHD
88,sjonin3x,The Ghost of Harrenhal,HD
89,dros1r,Love Hurts,normal
90,sbromehed1m,The Pilot,normal
91,jleahair2l,Woe What a Night,normal
92,oscully28,Pilot,HD
93,lnadin13,Black Panther,HD
94,amuskett1a,Negro y Azul,HD
95,rbailes4s,Chasing Christmas,HD
96,pbrien4k,One Minute,HD
97,egoudie2b,Les Misérables,UHD
98,drumble47,DNR,UHD
99,jklimpt35,"Winning a Battle, Losing the War",normal
100,zbagby3,The Great Gabbo,UHD